2,Watches,for Men Round Numerical Dial Men Watch with Silicon Strap Long Battery Life Stainless Steel Bracelet Black Chain with Adjustable Flexible Silicon Strap Watches for Boys.
2,Noise,"Mettalix 1.4"" Display, Bluetooth Calling Smart Watch with Metallic Strap, Stainless Steel Finish, Functional Crown, 7-Day Battery (Elite Black)"
2,Analogue,Women's Watch (Black Dial)
2,Fire-Boltt,"Phoenix AMOLED 1.43"" Display Smart Watch, with 700 NITS Brightness, Stainless Steel Rotating Crown, Multipe Sports Modes & 360 Health (Gold)"
2,Master,Royale Analog Stainless Steel Watch For Men
2,Fire-Boltt,"Asteroid 1.43” Super AMOLED Display Smart Watch, One Tap Bluetooth Calling, 466 * 466 px Resolution, 123 Sports Modes, in-Built Voice Assistance, 350mAh Large Battery (Silver Black)"
2,Noise,"ColorFit Pro 4 Alpha 1.78"" AMOLED Display, Bluetooth Calling Smart Watch, Functional Crown, Metallic Build, Intelligent Gesture Control, Instacharge (Rose Pink)"
2,beatXP,"Flare Pro 1.39” HD Display Bluetooth Calling Smart Watch, 100+ Sports Modes, Heart Rate Monitoring, SpO2, AI Voice Assistant, IP68 - Black"
2,Fastrack,Analog Black Dial Men's Casual Watch
2,Noise,"Force Rugged & Sporty 1.32"" Bluetooth Calling Smart Watch, 550 NITS, 7 Days Battery, AI Voice Assistance, Smart Watch for Men (Jet Black)"
2,Premium,Brand - A Digital Watch Shockproof Multi-Functional Automatic 5 Color Army Strap Waterproof Digital Sports Watch for Men's Kids Watch for Boys Watch for Men Pack of 1
2,Noise,"Halo Plus 1.46"" Super AMOLED Display Elite Smart Watch, Bluetooth Calling, Stainless Steel Build, Always on Display, Upto 7 Days Battery (Elite Black)"
2,Smart,Plaid Analog White Dial Men's Watch-NN77105SL01W/NP77105SL01W
2,Samsung,"Galaxy Watch4 Bluetooth(4.0 cm, Black, Compatible with Android only)"
2,Analog,Silver Dial Men's Watch-3291SM02/NR3291SM02
2,Fire-Boltt,"Solace Luxury Stainless Steel Smart Watch, 1.32"" (33.5mm) Display 360 * 360 px high Resolution with 60Hz Refresh Rate, Bluetooth Calling & 360 Health Monitoring (Gold)"
2,Titan,"Smart 3 Premium Smart Watch|1.96"" Super AMOLED Display with 410x502 Pixel Resolution|SingleSync BT Calling|NitroFast Charging|110+ Sports Modes|200+ Watchfaces|Upto 7 Days Battery (Black)"
2,Analog,Men's Watch (White Dial Brown Colored Strap)
2,Fire-Boltt,"Lumos Stainless Steel Luxury Smart Watch with 1.91” Large Display, Bluetooth Calling, Voice Assistant, 100+ Sports Modes"
2,Classic,2.0 Day & Date Analog Watch with Softest Silicone Strap for Men & Boys (Teal)
2,boAt,"Ultima Call Smart Watch with 1.83"" HD Display,Advanced BT Calling,DIY Watch Face Studio, Coins,700+Active Modes,10 Days Battery Life,HR&SpO2 Monitor,Energy&Sleep Score(Active Black)"
2,Analog,Black Stainless Steel Chain Wrist Watch for Men Boys (Black Colored Dial Strap)
2,Fire-Boltt,"Cobra Smart Watch 1.78"" Always-On AMOLED Display, Army Grade Strong Build, Bluetooth Calling with 123 Sports Modes, 60 Hz Refresh Rate, IP68 Rating"
2,White,Dial Analog Watch for Men-NR77049SM02
2,Fire-Boltt,"Gladiator 1.96"" Biggest Display Smart Watch with Bluetooth Calling, Voice Assistant &123 Sports Modes, 8 Unique UI Interactions, SpO2, 24/7 Heart Rate Tracking (Black)"
2,Digital,Water Resistant Kids Blue and Orange Sports Watch for Boys | Watch for Kids Boys | Kids Watches for Boys | Watches for Kids boy
2,Noise,"Force Rugged & Sporty 1.32"" Bluetooth Calling Smart Watch, 550 NITS, 7 Days Battery, AI Voice Assistance, Smart Watch for Men (Teal Green)"
2,Digital,Watch for Boys – Kids Between 3 to 10 Years of Age Multi-Functional 30 M Waterproof Digital Sports Watches for Boys| Watch for Kids Age 3 5 6 7 8
2,boAt,"Wave Style Call Smart Watch with Advanced BT Calling Chip,DIY Watch Face Studio, Coins, 1.69"" HD Display, Health Ecosystem, Live Cricket Scores, Quick Replies, HR & SpO2(Active Black)"
2,Analog,Black Dial Men's Watch-MTP-V300L-1AUDF (A1176)
2,Fire-Boltt,"Asteroid 1.43” Super AMOLED Display Smart Watch, One Tap Bluetooth Calling, 466 * 466 px Resolution, 123 Sports Modes, in-Built Voice Assistance, 350mAh Large Battery (Black)"
2,Simple,Sport Digital Men’s Military Watches Electronic LED Time Black Wrist Watch
2,Redmi,"Watch 3 Active Bluetooth Calling 1.83"" Screen, Premium Metallic Finish, 200+ Watch Faces, Upto 12 Days of Battery Life, 5ATM, 100+ Sports Modes, Period Cycle Monitoring Charcoal Black"
2,Vibez,"by Lifelong Smartwatch for Women Metal Strap & HD Display, Bluetooth Calling, Multiple Watch Faces, Health Tracker, Sports Modes & Free Silicone Strap (VBSWW270, Gold)"
2,Fire-Boltt,"Phoenix Ultra Luxury Stainless Steel, Bluetooth Calling Smartwatch, AI Voice Assistant, Metal Body with 120+ Sports Modes, SpO2, Heart Rate Monitoring (Multicolor)"
2,Premium,Brand Vintage Series Digital Sports Square 4 Colours Dial LED Unisex Stainless Steel Strap Watch for Men's Watch for Women's Watch
2,Fire-Boltt,"Solace Luxury Stainless Steel Smart Watch, 1.32"" (33.5mm) Display 360 * 360 px high Resolution with 60Hz Refresh Rate, Bluetooth Calling & 360 Health Monitoring (Blue)"
2,Digital,Grey Round Dial Men's Sport Watch-NN77072PP04
2,pTron,"Newly Launched Reflect Pro Smartwatch, Bluetooth Calling, 1.85"" Full Touch Display, 600 NITS, Digital Crown, Metal Frame, 100+ Watch Faces, HR, SpO2, Voice Assist, 5 Days Battery Life (Black)"
2,Black,Dial Analog Watch for Unisex -38024PP54
2,Noise,"Pulse 2 Max 1.85"" Display, Bluetooth Calling Smart Watch, 10 Days Battery, 550 NITS Brightness, Smart DND, 100 Sports Modes, Smartwatch for Men and Women (Deep Wine)"
2,Fossil,Stainless Steel Fenmore Analog Black Dial Men's Watch-Bq2365
2,Youth,Series Digital Black Dial Unisex Watch - F-91W-1Q(D002)
2,"Blue,","Black & Silver Dial, Day & Date Functioning, Stainless Steel Strap Analog Watch for Men & Women"
2,Analog,White Dial Men's Watch-MTP-V300L-7AUDF (A1177)
2,WTG®,"Premium Smartwatch Watch S8 Ultra Latest Bluetooth Calling Series 8 AMOLED High Resolution with All Sports Features &Tracker, Bluetooth, Enhanced Features and Stylish Design - T-800 Orange"
2,The,Watch
2,Youth,Combination Analog-Digital Black Dial Men's Watch - AEQ-100W-1BVDF (AD217)
6,Unisex,Analogue Watch
6,Noise,"ColorFit Pro 4 Alpha 1.78"" AMOLED Display, Bluetooth Calling Smart Watch, Functional Crown, Metallic Build, Intelligent Gesture Control, Instacharge (Jet Black)"
6,Fastrack,Analog Orange Black Dial Men's Watch - 38003PP08J
6,Enticer,Analog Black Dial Men's Watch-MTP-VD01D-1BVUDF (A1361)
6,Grey,Dial Analog Watch for Men-NR77083YM04W
6,boAt,"Wave Style Call Smart Watch with Advanced BT Calling Chip,DIY Watch Face Studio, Coins, 1.69"" HD Display, Health Ecosystem, Live Cricket Scores, Quick Replies, HR & SpO2(Cherry Blossom)"
6,Black,Dial Analog Watch for Unisex -NR38003PP13W
6,Analog,Gray Dial Men's Watch-18062617NM01
6,Kids,Edition 3D Spiderman/Frozen/Ben 10/Hello Kitty/Iron Man Avenger Digital Watch for Kids with Music & Disco Lights (Boys & Girls)
6,Men's,"Sports Watch, Large Face Waterproof Dual Time Stopwatch Alarm LED Back Light Count Down Wrist Watch - 1155B"
6,Titan,"Crest Premium Smart Watch|1.43"" AMOLED Display with AOD|466x466 Pixel Resolution|Functional Crown|SingleSync BT Calling|Advanced Chipset|100+ Sports Modes & WatchfacesIP68 Smartwatch"
6,Analog,Champagne Dial Women's Watch NM87018YM01/NN87018YM01
6,Analog,White Dial Unisex's Watch-NG38021PP10W / NG38021PP10W/NG38021PP10C
6,Teal,Tribal Elephant Aztec Watch - Multicolour
6,’s,Analog Watch For Men| Silver Watch| Day & Date Watch | With Stainless Steel Strap | Round Dial | Royal Look| High-Quality & Water Resistant
6,Trendies,Analog White Dial Women's Watch-68015PP04/NR68015PP04
6,Analog,White Dial Women's Watch NM8976YL02W / NL8976YL02W
6,Analogue,Multi Dial Leather Strap Men’s & Boy's Watch
6,HAMMER,"Active 2.0 1.95"" Display Bluetooth Calling Smart Watch with Metal Body, in-Built Games, Wireless Charging, AOD, 600 NITS Brightness (Black)"
6,Analog,Brown Dial Couple's Watch set-TW00PR214
6,boAt,"Wave Call 2 with 1.83"" HD Display, Advanced BT Calling, DIY Watch Face Studio, Coins, 700+Active Modes, Live Cricket Scores, Smart Watch for Men & Women(Orchid Haze)"
6,Fire-Boltt,"Ninja 3 Smartwatch Full Touch 1.69 & 60 Sports Modes with IP68, Sp02 Tracking, Over 100 Cloud Based Watch Faces (Black)"
6,TIMEX,"3 Hands Men Analog Black Dial Coloured Quartz Watch, Round Dial with 40 mm Case Width - TWTG73SMU05"
6,Fire-Boltt,"Ninja Call Pro Smart Watch Dual Chip Bluetooth Calling, 1.69"" Display, AI Voice Assistance with 100 Sports Modes, with SpO2 & Heart Rate Monitoring"
6,Watches:,The When Wear How and Why (Guide to Wearing Watches Book 1)
6,Analog,Silver Dial Women's Watch-2656WM01/NP2656WM01
6,boAt,"Lunar Vista with 1.52"" HD Display, Advanced Bluetooth Calling, Functional Crown,100+ Sports Mode, Always on Display, Heart Rate & Sp02 Monitoring, Smart Watch for Men & Women(Active Black)"
6,Multi,Dial Square 6 Crono Stylish Latest Generation Designer Rubber Strap Analog Watch - for Boys & Girls
6,Fire-Boltt,"Newly Launched Vogue Large 2.05"" Display Smart Watch, Always On Display, Wireless Charging, App Based GPS with Bluetooth Calling & 500+ Watch Faces (Steel Black)"
6,Pankh,Analog Champagne Dial Women's Watch NM8085YM05/NN8085YM05/NP8085YM05
6,Fire-Boltt,"Newly Launched Vogue Large 2.05"" Display Smart Watch, Always On Display, Wireless Charging, App Based GPS with Bluetooth Calling & 500+ Watch Faces (Charcoal Black)"
6,Analogue,- Digital Men's Watch ( Black Dial & Strap )
6,Alpine,"Loop Compatible with Apple Watch Straps 49mm 45mm 44mm 42mm and 41mm 40mm 38mm, Nylon Sport Band with Metal G‑Hook for iWatch Ultra Series 8 7 6 5 4 3 2 1 SE (Watch Not Included)"
6,Women,Wrist Watches Analog Rose Gold Dial Women's Watch for Girls&Miss&Ladies Diamond Studded with Stylish Girlfriend Watches
6,Enticer,Analog Blue Dial Men's Watch-MTP-VD01D-2BVUDF (A1363)
6,Neo,Analog Dial Men's Watch
6,Apple,"Watch Ultra 2 [GPS + Cellular 49mm] Smartwatch with Rugged Titanium Case & Blue Ocean Band One Size. Fitness Tracker, Precision GPS, Action Button, Extra-Long Battery Life, Bright Retina Display"
6,Analog,Off-White Dial Men's Watch-7139SL03/NP7139SL03
6,Fire-Boltt,"Visionary 1.78"" AMOLED Bluetooth Calling Smartwatch with 368 * 448 Pixel Resolution, Rotating Crown & 60Hz Refresh Rate 100+ Sports Mode, TWS Connection, Voice Assistance (Silver)"
6,Casual,Analog Silver Dial Men's Watch-NL3123SM02/NP3123SM02
6,Green,Dial Analog Watch for Men-7140NL06
6,Men's,Digital Sports Watch 50m Waterproof LED Military Multifunction Smart Watch Stopwatch Countdown Auto Date Alarm - 1251
6,Stainless,Steel Chain Analog Wrist Watch for Men (Brown/Silver Dial) | LD-G057
6,Redmi,"Watch 2 Lite - Multi-System Standalone GPS, 3.94 cm Large HD Edge Display, Continuous SpO2, Stress & Sleep Monitoring, 24x7 HR, 5ATM, 120+ Watch Faces, 100+ Sports Modes, Women’s Health, Black"
6,Blue,Dial Analog Watch for Women-NR8182SL01
6,Digital,"24 Images Projector Watch for Kids Boys Rubber Material Watch, Diwali Gift, Birthday Return Gift, Best Digital Toy Watch for Boy's & Girl's BG-906"
6,Analog,Men's Watch (Dial Colored Strap)
6,Fire-Boltt,"Avalanche Luxury Stainless Steel Smart Watch, Bluetooth Calling with 1.28” HD display, 2 Button Pushers, Voice Assistance, Multiple Sports Modes, Health Suite, IP67 resistance. (Gold Black)"
